precision,recall,f1,roc_auc,pr_auc,average_precision,n_positives,n_rows,chunk,seed,threshold
0.6144578313253012,0.11929824561403508,0.19980411361410383,0.8849090895543005,0.15440179239261898,0.15440179239261898,855,950485,1,42,0.97
0.34591194968553457,0.05876068376068376,0.1004566210045662,0.7313102939746483,0.05817898453336752,0.05817898453336752,936,950485,2,42,0.97
0.2976190476190476,0.0513347022587269,0.08756567425569177,0.6868779686157571,0.05284719908685919,0.05284719908685919,974,950485,3,42,0.97
0.3707865168539326,0.06659939455095863,0.11291702309666382,0.7045251073312133,0.0703663671611088,0.0703663671611088,991,950485,4,42,0.97
0.3556701030927835,0.06791338582677166,0.1140495867768595,0.6977049207562456,0.0693061027515929,0.0693061027515929,1016,950485,5,42,0.97
0.3963963963963964,0.04536082474226804,0.08140610545790934,0.6922466206431706,0.047767333313258324,0.047767333313258324,970,950485,6,42,0.97
0.3486238532110092,0.03718199608610567,0.0671971706454465,0.6962251113278899,0.03988510946451064,0.03988510946451064,1022,950485,7,42,0.97
0.24806201550387597,0.033126293995859216,0.058447488584474884,0.7036271674281755,0.03904859101185698,0.03904859101185698,966,950485,8,42,0.97
0.3858267716535433,0.047115384615384615,0.08397600685518423,0.7215538004591346,0.04940688073764152,0.04940688073764152,1040,950485,9,42,0.97
0.44642857142857145,0.06799637352674524,0.11801730920535011,0.7135165098683944,0.07243849535140959,0.07243849535140959,1103,950487,10,42,0.97
0.6605504587155964,0.08421052631578947,0.14937759336099585,0.8886983924117444,0.13950839220445987,0.13950839220445987,855,950485,1,7,0.98
0.5735294117647058,0.041666666666666664,0.07768924302788845,0.7380348240761316,0.05113338631128313,0.05113338631128313,936,950485,2,7,0.98
0.4861111111111111,0.03593429158110883,0.06692160611854685,0.6902460472591212,0.04489530829900755,0.04489530829900755,974,950485,3,7,0.98
0.611764705882353,0.05247225025227043,0.09665427509293681,0.7107234695851394,0.06673052977277467,0.06673052977277467,991,950485,4,7,0.98
0.5842696629213483,0.051181102362204724,0.09411764705882353,0.6958287218318622,0.06171117241250164,0.06171117241250164,1016,950485,5,7,0.98
0.5645161290322581,0.03608247422680412,0.06782945736434108,0.6914180837086064,0.04060116576583449,0.04060116576583449,970,950485,6,7,0.98
0.5961538461538461,0.030332681017612523,0.05772811918063315,0.6997299017059171,0.03653372880356575,0.03653372880356575,1022,950485,7,7,0.98
0.4782608695652174,0.022774327122153208,0.043478260869565216,0.6961226164206488,0.02966611251247827,0.02966611251247827,966,950485,8,7,0.98
0.4782608695652174,0.03173076923076923,0.059513074842200184,0.7238010161401985,0.04100871389498914,0.04100871389498914,1040,950485,9,7,0.98
0.651685393258427,0.05258386219401632,0.09731543624161074,0.7167082817279223,0.06353126474483124,0.06353126474483124,1103,950487,10,7,0.98
0.24242424242424243,0.1497076023391813,0.18510484454085321,0.8818465474364808,0.12959246098966856,0.12959246098966856,855,950485,1,123,0.96
0.10077519379844961,0.05555555555555555,0.07162534435261708,0.730634778163197,0.04456786160919146,0.04456786160919146,936,950485,2,123,0.96
0.11178861788617886,0.05646817248459959,0.07503410641200546,0.6935886167166341,0.044921987012161727,0.044921987012161727,974,950485,3,123,0.96
0.16859122401847576,0.07366296670030273,0.10252808988764045,0.70263024018633,0.06683560937387725,0.06683560937387725,991,950485,4,123,0.96
0.1374764595103578,0.0718503937007874,0.09437621202327084,0.6988664376788873,0.06217910226084078,0.06217910226084078,1016,950485,5,123,0.96
0.11206896551724138,0.05360824742268041,0.07252440725244072,0.6961820524650919,0.040637862789216994,0.040637862789216994,970,950485,6,123,0.96
0.11036036036036036,0.04794520547945205,0.06684856753069578,0.6934749297044709,0.035138571413178624,0.035138571413178624,1022,950485,7,123,0.96
0.08547008547008547,0.041407867494824016,0.05578800557880056,0.700727361518601,0.03144946746600752,0.03144946746600752,966,950485,8,123,0.96
0.14622641509433962,0.05961538461538462,0.08469945355191257,0.7150758834007074,0.043143382917315024,0.043143382917315024,1040,950485,9,123,0.96
0.18120805369127516,0.07343608340888486,0.10451612903225807,0.7069364991081224,0.06361879383147638,0.06361879383147638,1103,950487,10,123,0.96
