chunk,f1_mean,f1_std,precision_mean,recall_mean,roc_auc_mean,pr_auc_mean,pr_auc_std,n_positives,n_rows,f1_ci95,pr_auc_ci95,seeds
1,0.19924414696229253,0.01793933434136648,0.3544776378177075,0.1590643274853801,0.8911434864987634,0.15364096491729118,0.010583765066600137,855.0,950485.0,0.020300267841698447,0.01197665763607304,42;7;123
2,0.08307327628842064,0.014191339435636897,0.21444889111806328,0.059472934472934474,0.7161498768305657,0.054265058554437216,0.006361163352463249,936.0,950485.0,0.016059012340919575,0.007198333972851525,42;7;123
3,0.07491943482364538,0.0048146823899756774,0.1577347255998964,0.05612594113620808,0.6722273671426783,0.05064315076393844,0.005789131311425836,974.0,950485.0,0.005448326020873417,0.006551018781210564,42;7;123
4,0.09993777329176357,0.013500840063853744,0.2301752811019692,0.07265388496468213,0.6905405073116605,0.06943098367341309,0.00203813473224643,991.0,950485.0,0.015277638744498005,0.0023063665671621165,42;7;123
5,0.0959275108601136,0.007859704955133075,0.22279993429774972,0.07053805774278216,0.6834652397737916,0.06659797162844346,0.006272772126388306,1016.0,950485.0,0.008894093432330349,0.0070983098844415215,42;7;123
6,0.07165973233152066,0.007803294155653004,0.172092100169122,0.051546391752577324,0.6721277221778607,0.04319491669572117,0.0066172181062707355,970.0,950485.0,0.008830258603410907,0.007488087203686074,42;7;123
7,0.06512131126674592,0.006976863997577281,0.20059961315280464,0.044683626875407695,0.6831137328391262,0.04008786982629047,0.004399058901606172,1022.0,950485.0,0.007895064841917277,0.004978003768405751,42;7;123
8,0.06375060268772027,0.011421463193682759,0.17048670828475354,0.04623878536922016,0.6847217539036697,0.03830749904612527,0.006421830699968927,966.0,950485.0,0.012924602304847802,0.007266985539301836,42;7;123
9,0.07230539677963946,0.007796567835321135,0.17935987119283495,0.051923076923076926,0.6997313236369803,0.047900416544376136,0.007409271887416789,1040.0,950485.0,0.008822647055416558,0.00838438043265045,42;7;123
10,0.10498860614829608,0.007176561992676887,0.2527312731212426,0.07343608340888486,0.6912558873854454,0.07094715410147166,0.005329433611329263,1103.0,950487.0,0.008121044396722954,0.006030821863053211,42;7;123
