chunk,fraction,f1_mean,f1_std,precision_mean,recall_mean,roc_auc_mean,pr_auc_mean,n_positives_available,n_runs_valid,f1_ci95,control_f1_mean,control_f1_std,control_pr_auc_mean,seeds
1,0.001,,,,,,,1.0,0.0,,,,,42;7;123
1,0.01,0.19780219780219777,0.17165383903091547,0.3,0.14814814814814814,0.8353049237105682,0.10511166026844632,9.0,3.0,0.1942446047369862,0.12913377646664767,0.17817408365359488,0.12505841827186878,42;7;123
1,0.05,0.24470899470899474,0.05459679118587223,0.3428492725314903,0.1937984496124031,0.8725666421449304,0.1575041418159038,43.0,3.0,0.061782085292584124,0.19670607334092663,0.09535555064875886,0.13926456334152149,42;7;123
1,0.1,0.22622447591847836,0.03303993934640886,0.33684644565396665,0.17054263565891473,0.8735747509005343,0.1516707208502948,86.0,3.0,0.0373882110362898,0.17968710145978148,0.0035439279313861003,0.13469344441070077,42;7;123
1,0.5,0.21362521834503242,0.01820566540002362,0.31080908598440155,0.16277258566978192,0.8811184306804786,0.1612780862606635,428.0,3.0,0.020601649806180594,0.2225246476743483,0.019433794606869132,0.17466137933152837,42;7;123
1,1.0,0.21882172915072684,0.0,0.3163716814159292,0.1672514619883041,0.8888089827290692,0.1644656936338298,855.0,3.0,0.0,0.23202635032728225,0.017465937162343046,0.18114590772112216,42;7;123
2,0.001,,,,,,,1.0,0.0,,,,,42;7;123
2,0.01,0.15018315018315018,0.1539769198313824,0.2333333333333333,0.1111111111111111,0.6224523628420416,0.11271470113388941,9.0,3.0,0.1742412875827306,0.12913377646664767,0.17817408365359488,0.12505841827186878,42;7;123
2,0.05,0.13391129669114743,0.035101965513920405,0.24632352941176472,0.0921985815602837,0.6764599865227762,0.08607721549831382,47.0,3.0,0.03972161330755194,0.19670607334092663,0.09535555064875886,0.13926456334152149,42;7;123
2,0.1,0.11746298808985378,0.014904684902155343,0.2116723259762309,0.08156028368794326,0.7103631208661363,0.08160844459009788,94.0,3.0,0.01686623872727404,0.17968710145978148,0.0035439279313861003,0.13469344441070077,42;7;123
2,0.5,0.10021376629401081,0.011557961694908449,0.1699264707867869,0.07122507122507121,0.7060168495583029,0.06625948177320368,468.0,3.0,0.013079064899844001,0.2225246476743483,0.019433794606869132,0.17466137933152837,42;7;123
2,1.0,0.09559939301972685,0.0,0.1649214659685864,0.0673076923076923,0.7143652162336033,0.06133736248102605,936.0,3.0,0.0,0.23202635032728225,0.017465937162343046,0.18114590772112216,42;7;123
3,0.001,,,,,,,1.0,0.0,,,,,42;7;123
3,0.01,0.0392156862745098,0.06792356108113244,0.047619047619047616,0.03333333333333333,0.6610180796910655,0.0403240269992969,10.0,3.0,0.07686274509803921,0.12913377646664767,0.17817408365359488,0.12505841827186878,42;7;123
3,0.05,0.09122780314561137,0.04315684614604071,0.13870308435525827,0.06802721088435375,0.6704527543598111,0.06910145237734178,49.0,3.0,0.04883656880999206,0.19670607334092663,0.09535555064875886,0.13926456334152149,42;7;123
3,0.1,0.07960446871905495,0.025789266438417783,0.1117636684303351,0.061855670103092786,0.6751540069084648,0.05991587990545603,97.0,3.0,0.029183302244030037,0.17968710145978148,0.0035439279313861003,0.13469344441070077,42;7;123
3,0.5,0.07319344269596613,0.00578817120497581,0.1134647018310765,0.054072553045859006,0.6739452663342683,0.05411277588575699,487.0,3.0,0.006549932318484512,0.2225246476743483,0.019433794606869132,0.17466137933152837,42;7;123
3,1.0,0.07994389901823282,0.0,0.1261061946902655,0.058521560574948665,0.6693212286076825,0.05714654458534788,974.0,3.0,0.0,0.23202635032728225,0.017465937162343046,0.18114590772112216,42;7;123
4,0.001,,,,,,,1.0,0.0,,,,,42;7;123
4,0.01,0.1623931623931624,0.16683095124737723,0.4444444444444444,0.10000000000000002,0.6687045813586098,0.1059276797262849,10.0,3.0,0.18878699343919578,0.12913377646664767,0.17817408365359488,0.12505841827186878,42;7;123
4,0.05,0.06626425217974513,0.03264852328772527,0.11428571428571428,0.04666666666666667,0.6384160786378796,0.050734815494197956,50.0,3.0,0.036945282069271425,0.19670607334092663,0.09535555064875886,0.13926456334152149,42;7;123
4,0.1,0.0763275094210346,0.045837423590513605,0.13089430894308943,0.05387205387205388,0.6674591707978053,0.05857399877177183,99.0,3.0,0.05186992774392619,0.17968710145978148,0.0035439279313861003,0.13469344441070077,42;7;123
4,0.5,0.10869585060325067,0.009448511636862453,0.1728643946473317,0.0793010752688172,0.6845304585095251,0.07530870603768904,496.0,3.0,0.010691997444488344,0.2225246476743483,0.019433794606869132,0.17466137933152837,42;7;123
4,1.0,0.10416666666666667,1.6996749443881478e-17,0.16703786191536749,0.07568113017154389,0.6938907735438212,0.07174234609943278,991.0,3.0,1.9233632618876244e-17,0.23202635032728225,0.017465937162343046,0.18114590772112216,42;7;123
5,0.001,,,,,,,1.0,0.0,,,,,42;7;123
5,0.01,0.08730158730158731,0.08361629962581539,0.196969696969697,0.06666666666666667,0.6176268211339302,0.06886376006123822,10.0,3.0,0.09462075047130565,0.12913377646664767,0.17817408365359488,0.12505841827186878,42;7;123
5,0.05,0.0855027813436029,0.010455957394254561,0.12467741935483871,0.06535947712418301,0.6733509615166186,0.06968758494609485,51.0,3.0,0.011832029639767932,0.19670607334092663,0.09535555064875886,0.13926456334152149,42;7;123
5,0.1,0.09017439495627415,0.022701871076660923,0.13205692571063077,0.06862745098039215,0.696931883084963,0.07363029884358828,102.0,3.0,0.02568958549934799,0.17968710145978148,0.0035439279313861003,0.13469344441070077,42;7;123
5,0.5,0.08895077624240938,0.003909499080578651,0.14787107504533692,0.0636482939632546,0.6850179276247718,0.06777449867979689,508.0,3.0,0.00442401467927461,0.2225246476743483,0.019433794606869132,0.17466137933152837,42;7;123
5,1.0,0.09896907216494848,1.6996749443881478e-17,0.16400911161731208,0.07086614173228346,0.6823647151205435,0.07383735784869107,1016.0,3.0,1.9233632618876244e-17,0.23202635032728225,0.017465937162343046,0.18114590772112216,42;7;123
6,0.001,,,,,,,1.0,0.0,,,,,42;7;123
6,0.01,0.1388888888888889,0.1272937693043289,0.27777777777777773,0.10000000000000002,0.7714744602422328,0.08601215799114638,10.0,3.0,0.14404646026907217,0.12913377646664767,0.17817408365359488,0.12505841827186878,42;7;123
6,0.05,0.11780001274616021,0.005202120087704506,0.2030690537084399,0.08333333333333333,0.6793432471143315,0.07515155210279582,48.0,3.0,0.005886753048666194,0.19670607334092663,0.09535555064875886,0.13926456334152149,42;7;123
6,0.1,0.1033189863977491,0.025990571099770068,0.1833409645909646,0.07216494845360824,0.6751006983742048,0.06657263578806973,97.0,3.0,0.02941109991285494,0.17968710145978148,0.0035439279313861003,0.13469344441070077,42;7;123
6,0.5,0.08638904108383338,0.006601927226645043,0.15571340571340572,0.05979381443298969,0.6798677768028795,0.05493926206746367,485.0,3.0,0.007470783944488717,0.2225246476743483,0.019433794606869132,0.17466137933152837,42;7;123
6,1.0,0.0806572068707991,0.0,0.14634146341463414,0.05567010309278351,0.6725834925708952,0.050813775450500746,970.0,3.0,0.0,0.23202635032728225,0.017465937162343046,0.18114590772112216,42;7;123
7,0.001,,,,,,,1.0,0.0,,,,,42;7;123
7,0.01,0.29365079365079366,0.13113263207824047,0.5833333333333334,0.20000000000000004,0.7164016148850272,0.20446930677204347,10.0,3.0,0.14839054244263594,0.12913377646664767,0.17817408365359488,0.12505841827186878,42;7;123
7,0.05,0.06919714745801703,0.015704287199956105,0.1461988304093567,0.04575163398692811,0.6906666864921774,0.04956023602641927,51.0,3.0,0.01777107390695867,0.19670607334092663,0.09535555064875886,0.13926456334152149,42;7;123
7,0.1,0.0734314210059882,0.037074682721297166,0.14746084827220732,0.049019607843137254,0.6858465919878226,0.04868573865551353,102.0,3.0,0.041953952976551336,0.17968710145978148,0.0035439279313861003,0.13469344441070077,42;7;123
7,0.5,0.06528492873839821,0.015919883011576,0.1290238248281484,0.04370515329419439,0.6799133275808105,0.04027231523943112,511.0,3.0,0.018015043534713476,0.2225246476743483,0.019433794606869132,0.17466137933152837,42;7;123
7,1.0,0.07142857142857142,0.0,0.14,0.04794520547945205,0.6813435357619072,0.04510811773118905,1022.0,3.0,0.0,0.23202635032728225,0.017465937162343046,0.18114590772112216,42;7;123
8,0.001,,,,,,,1.0,0.0,,,,,42;7;123
8,0.01,0.0784313725490196,0.13584712216226488,0.09523809523809523,0.06666666666666667,0.7412181850096542,0.05320583217094264,10.0,3.0,0.15372549019607842,0.12913377646664767,0.17817408365359488,0.12505841827186878,42;7;123
8,0.05,0.08833432362844128,0.032828394852425176,0.15185185185185182,0.0625,0.7012532209256607,0.05803923834227755,48.0,3.0,0.03714882590601756,0.19670607334092663,0.09535555064875886,0.13926456334152149,42;7;123
8,0.1,0.08919084202881933,0.015616482998773804,0.1436265488897068,0.06529209621993128,0.7026401692126446,0.05676144787105613,97.0,3.0,0.01767171409974905,0.17968710145978148,0.0035439279313861003,0.13469344441070077,42;7;123
8,0.5,0.0822683255777469,0.01248010416281908,0.1345078370487249,0.059351276742581095,0.6859677318490833,0.048096115261071846,483.0,3.0,0.014122567335919604,0.2225246476743483,0.019433794606869132,0.17466137933152837,42;7;123
8,1.0,0.07692307692307693,0.0,0.12864077669902912,0.054865424430641824,0.6859933246750977,0.04520652064147463,966.0,3.0,0.0,0.23202635032728225,0.017465937162343046,0.18114590772112216,42;7;123
9,0.001,,,,,,,1.0,0.0,,,,,42;7;123
9,0.01,0.0998217468805704,0.09221046100803967,0.38095238095238093,0.06666666666666667,0.7276683519415771,0.0719824883319042,10.0,3.0,0.10434595959077875,0.12913377646664767,0.17817408365359488,0.12505841827186878,42;7;123
9,0.05,0.11844310373722138,0.02670055256162882,0.20993589743589744,0.08333333333333333,0.7079288438853024,0.07919201654061982,52.0,3.0,0.030214519569577575,0.19670607334092663,0.09535555064875886,0.13926456334152149,42;7;123
9,0.1,0.08828598758477994,0.018897200598483533,0.14194594665719285,0.0641025641025641,0.7045545707645209,0.06389620365976606,104.0,3.0,0.02138419555083106,0.17968710145978148,0.0035439279313861003,0.13469344441070077,42;7;123
9,0.5,0.07291150532276648,0.00990969970391125,0.13496080117703083,0.05000000000000001,0.6912431630701218,0.049510814363075695,520.0,3.0,0.01121388087161737,0.2225246476743483,0.019433794606869132,0.17466137933152837,42;7;123
9,1.0,0.07898448519040903,0.0,0.14814814814814814,0.05384615384615385,0.7000940620370524,0.05376655680335233,1040.0,3.0,0.0,0.23202635032728225,0.017465937162343046,0.18114590772112216,42;7;123
10,0.001,,,,,,,1.0,0.0,,,,,42;7;123
10,0.01,0.0892857142857143,0.07783748113465491,0.17777777777777778,0.06060606060606061,0.6956371169031796,0.03766214233395052,11.0,3.0,0.08808140174482544,0.12913377646664767,0.17817408365359488,0.12505841827186878,42;7;123
10,0.05,0.12345679012345682,0.021383343303319473,0.2337858220211161,0.08484848484848484,0.7095680306828634,0.08503429280301206,55.0,3.0,0.02419753086419753,0.19670607334092663,0.09535555064875886,0.13926456334152149,42;7;123
10,0.1,0.11781259787394756,0.02986003408711645,0.21572521759448562,0.08181818181818182,0.6746526441179794,0.08347153507650623,110.0,3.0,0.033789809487687845,0.17968710145978148,0.0035439279313861003,0.13469344441070077,42;7;123
10,0.5,0.11664998049269032,0.012490656609911416,0.20909172577142945,0.08091787439613525,0.689897507429277,0.08010567965223285,552.0,3.0,0.014134508553931568,0.2225246476743483,0.019433794606869132,0.17466137933152837,42;7;123
10,1.0,0.11197916666666669,0.0,0.19861431870669746,0.07796917497733455,0.6931034477753343,0.07691100800700204,1103.0,3.0,0.0,0.23202635032728225,0.017465937162343046,0.18114590772112216,42;7;123
