chunk,fraction,seed,n_available,n_positives_available,f1,precision,recall,roc_auc,pr_auc,note
1,1.0,42,950485,855,0.19980411361410383,0.6144578313253012,0.11929824561403508,0.8849090895543005,0.15440179239261898,
1,1.0,7,950485,855,0.19980411361410383,0.6144578313253012,0.11929824561403508,0.8849090895543005,0.15440179239261898,
1,1.0,123,950485,855,0.19980411361410383,0.6144578313253012,0.11929824561403508,0.8849090895543005,0.15440179239261898,
1,0.5,42,475242,443,0.18042226487523993,0.6025641025641025,0.10609480812641084,0.8840872461953806,0.13382218788793457,
1,0.5,7,475242,450,0.22181146025878004,0.6593406593406593,0.13333333333333333,0.8839600288126168,0.16732068092193825,
1,0.5,123,475242,431,0.20267686424474188,0.5760869565217391,0.12296983758700696,0.8843488639595032,0.15405844023072612,
1,0.1,42,95048,88,0.14814814814814814,0.4,0.09090909090909091,0.8932029395152026,0.08427631082726361,
1,0.1,7,95048,81,0.26804123711340205,0.8125,0.16049382716049382,0.8691907533312091,0.21352278235045277,
1,0.1,123,95048,85,0.2018348623853211,0.4583333333333333,0.12941176470588237,0.8971196212023135,0.1528656371269247,
1,0.05,42,47524,37,0.25,0.5454545454545454,0.16216216216216217,0.9076714594435233,0.13763479568819803,
1,0.05,7,47524,40,0.35294117647058826,0.8181818181818182,0.225,0.9057461460702553,0.29813707879180557,
1,0.05,123,47524,46,0.23333333333333334,0.5,0.15217391304347827,0.9382821700485534,0.18655742956840224,
1,0.01,42,9504,10,0.18181818181818182,1.0,0.1,0.9180956393511692,0.11510829635955337,
1,0.01,7,9504,10,0.0,0.0,0.0,0.8960343374763008,0.008020193471712534,
1,0.01,123,9504,8,0.0,0.0,0.0,0.9075795071609098,0.13589142746814623,
1,0.001,42,950,1,,,,,,insufficient positives (<3)
1,0.001,7,950,1,,,,,,insufficient positives (<3)
1,0.001,123,950,1,,,,,,insufficient positives (<3)
2,1.0,42,950485,936,0.1004566210045662,0.34591194968553457,0.05876068376068376,0.7313102939746483,0.05817898453336752,
2,1.0,7,950485,936,0.1004566210045662,0.34591194968553457,0.05876068376068376,0.7313102939746483,0.05817898453336752,
2,1.0,123,950485,936,0.1004566210045662,0.34591194968553457,0.05876068376068376,0.7313102939746483,0.05817898453336752,
2,0.5,42,475242,438,0.0994263862332696,0.3058823529411765,0.0593607305936073,0.7338207139661261,0.05735635893832038,
2,0.5,7,475242,474,0.11191335740072202,0.3875,0.06540084388185655,0.7299532889330553,0.06738589374817115,
2,0.5,123,475242,464,0.1037037037037037,0.3684210526315789,0.0603448275862069,0.7407850353217715,0.06152590521805419,
2,0.1,42,95048,77,0.16,0.34782608695652173,0.1038961038961039,0.771683071537764,0.09902006288268184,
2,0.1,7,95048,90,0.0784313725490196,0.3333333333333333,0.044444444444444446,0.7360317192864214,0.05188496867770405,
2,0.1,123,95048,102,0.13559322033898305,0.5,0.0784313725490196,0.7505950750953173,0.07899645330985663,
2,0.05,42,47524,42,0.14814814814814814,0.3333333333333333,0.09523809523809523,0.7607125808075642,0.09942394182523928,
2,0.05,7,47524,45,0.0784313725490196,0.3333333333333333,0.044444444444444446,0.6773907060665417,0.0503512801405971,
2,0.05,123,47524,47,0.14545454545454545,0.5,0.0851063829787234,0.7091613004998165,0.07342226890351675,
2,0.01,42,9504,6,0.0,0.0,0.0,0.7303467396644908,0.004820246811190486,
2,0.01,7,9504,8,0.5714285714285714,0.6666666666666666,0.5,0.9463721566975569,0.4507860394462505,
2,0.01,123,9504,7,0.0,0.0,0.0,0.6260097173543525,0.0033767685175218175,
2,0.001,42,950,2,,,,,,insufficient positives (<3)
2,0.001,7,950,1,,,,,,insufficient positives (<3)
2,0.001,123,950,0,,,,,,insufficient positives (<3)
3,1.0,42,950485,974,0.08756567425569177,0.2976190476190476,0.0513347022587269,0.6868779686157571,0.05284719908685919,
3,1.0,7,950485,974,0.08756567425569177,0.2976190476190476,0.0513347022587269,0.6868779686157571,0.05284719908685919,
3,1.0,123,950485,974,0.08756567425569177,0.2976190476190476,0.0513347022587269,0.6868779686157571,0.05284719908685919,
3,0.5,42,475242,494,0.07719298245614035,0.2894736842105263,0.044534412955465584,0.7010178513116304,0.04902980742176542,
3,0.5,7,475242,484,0.09911504424778761,0.345679012345679,0.05785123966942149,0.6755291665081112,0.05987646752719817,
3,0.5,123,475242,468,0.0867992766726944,0.2823529411764706,0.05128205128205128,0.703441529931344,0.05171459317534777,
3,0.1,42,95048,101,0.03278688524590164,0.09523809523809523,0.019801980198019802,0.6972893267082719,0.015450839683916594,
3,0.1,7,95048,91,0.037383177570093455,0.125,0.02197802197802198,0.6604792892375693,0.03170758861875926,
3,0.1,123,95048,89,0.12844036697247707,0.35,0.07865168539325842,0.7131249193176332,0.0910563861247473,
3,0.05,42,47524,55,0.028169014084507043,0.0625,0.01818181818181818,0.7243561826953093,0.02720578927993429,
3,0.05,7,47524,51,0.03508771929824561,0.16666666666666666,0.0196078431372549,0.6931207129914507,0.036840957141862564,
3,0.05,123,47524,41,0.0392156862745098,0.1,0.024390243902439025,0.7303766739623886,0.04195430623805246,
3,0.01,42,9504,9,0.16666666666666666,0.3333333333333333,0.1111111111111111,0.9546837516821718,0.19113502974167434,
3,0.01,7,9504,4,0.4,1.0,0.25,0.6142368421052632,0.25084647475710886,
3,0.01,123,9504,9,0.0,0.0,0.0,0.8888303785618162,0.015415136703587599,
3,0.001,42,950,1,,,,,,insufficient positives (<3)
3,0.001,7,950,1,,,,,,insufficient positives (<3)
3,0.001,123,950,2,,,,,,insufficient positives (<3)
4,1.0,42,950485,991,0.11291702309666382,0.3707865168539326,0.06659939455095863,0.7045251073312133,0.0703663671611088,
4,1.0,7,950485,991,0.11291702309666382,0.3707865168539326,0.06659939455095863,0.7045251073312133,0.0703663671611088,
4,1.0,123,950485,991,0.11291702309666382,0.3707865168539326,0.06659939455095863,0.7045251073312133,0.0703663671611088,
4,0.5,42,475242,491,0.10362694300518134,0.3409090909090909,0.06109979633401222,0.6983233114363079,0.06462563416301845,
4,0.5,7,475242,481,0.13471502590673576,0.3979591836734694,0.08108108108108109,0.7105144524825164,0.08570009611522998,
4,0.5,123,475242,496,0.1056338028169014,0.4166666666666667,0.06048387096774194,0.7021306482495291,0.0667565471213538,
4,0.1,42,95048,107,0.16,0.5555555555555556,0.09345794392523364,0.7212796791553868,0.10370300092442446,
4,0.1,7,95048,103,0.09917355371900827,0.3333333333333333,0.05825242718446602,0.7085646927935284,0.05891342903681243,
4,0.1,123,95048,108,0.1774193548387097,0.6875,0.10185185185185185,0.7335693986065273,0.11638735396782106,
4,0.05,42,47524,50,0.13793103448275862,0.5,0.08,0.7361134515734928,0.08685055774512458,
4,0.05,7,47524,60,0.08571428571428572,0.3,0.05,0.7218003820439349,0.05974133771150197,
4,0.05,123,47524,59,0.22857142857142856,0.7272727272727273,0.13559322033898305,0.7355048412121687,0.15101039666576255,
4,0.01,42,9504,11,0.16666666666666666,1.0,0.09090909090909091,0.6572258985089492,0.09303585259392735,
4,0.01,7,9504,13,0.0,0.0,0.0,0.547344447776436,0.04072868064193175,
4,0.01,123,9504,11,0.0,0.0,0.0,0.8193932371220899,0.045974086739704885,
4,0.001,42,950,2,,,,,,insufficient positives (<3)
4,0.001,7,950,2,,,,,,insufficient positives (<3)
4,0.001,123,950,1,,,,,,insufficient positives (<3)
5,1.0,42,950485,1016,0.1140495867768595,0.3556701030927835,0.06791338582677166,0.6977049207562456,0.0693061027515929,
5,1.0,7,950485,1016,0.1140495867768595,0.3556701030927835,0.06791338582677166,0.6977049207562456,0.0693061027515929,
5,1.0,123,950485,1016,0.1140495867768595,0.3556701030927835,0.06791338582677166,0.6977049207562456,0.0693061027515929,
5,0.5,42,475242,491,0.12903225806451613,0.3877551020408163,0.07739307535641547,0.7069711183705043,0.08010029832189418,
5,0.5,7,475242,510,0.09983361064891846,0.32967032967032966,0.058823529411764705,0.7060691931365032,0.06220643413283714,
5,0.5,123,475242,504,0.10927152317880795,0.33,0.06547619047619048,0.6970667952221199,0.06772071006353877,
5,0.1,42,95048,91,0.1724137931034483,0.4,0.10989010989010989,0.6793835659796041,0.10861842142700225,
5,0.1,7,95048,97,0.1206896551724138,0.3684210526315789,0.07216494845360824,0.772209746383566,0.07584393490461888,
5,0.1,123,95048,91,0.09345794392523364,0.3125,0.054945054945054944,0.6759606169918206,0.048847626576296724,
5,0.05,42,47524,52,0.15873015873015872,0.45454545454545453,0.09615384615384616,0.6795842002411138,0.09727885063214152,
5,0.05,7,47524,48,0.06896551724137931,0.2,0.041666666666666664,0.7636902505125396,0.047360296011111594,
5,0.05,123,47524,44,0.10909090909090909,0.2727272727272727,0.06818181818181818,0.6774077123382094,0.058528700283022435,
5,0.01,42,9504,3,0.0,0.0,0.0,0.785162965301898,0.007193483918944041,
5,0.01,7,9504,7,0.0,0.0,0.0,0.5827554566103582,0.0009964105658740836,
5,0.01,123,9504,8,0.18181818181818182,0.3333333333333333,0.125,0.8469816238416175,0.14093659853413548,
5,0.001,42,950,0,,,,,,insufficient positives (<3)
5,0.001,7,950,0,,,,,,insufficient positives (<3)
5,0.001,123,950,1,,,,,,insufficient positives (<3)
6,1.0,42,950485,970,0.08140610545790934,0.3963963963963964,0.04536082474226804,0.6922466206431706,0.047767333313258324,
6,1.0,7,950485,970,0.08140610545790934,0.3963963963963964,0.04536082474226804,0.6922466206431706,0.047767333313258324,
6,1.0,123,950485,970,0.08140610545790934,0.3963963963963964,0.04536082474226804,0.6922466206431706,0.047767333313258324,
6,0.5,42,475242,456,0.09615384615384616,0.390625,0.05482456140350877,0.6967060173591781,0.05514334549604606,
6,0.5,7,475242,488,0.07380073800738007,0.37037037037037035,0.040983606557377046,0.7063292727201531,0.04275982113646769,
6,0.5,123,475242,468,0.046065259117082535,0.22641509433962265,0.02564102564102564,0.6942734026507043,0.028627535939623777,
6,0.1,42,95048,86,0.06451612903225806,0.42857142857142855,0.03488372093023256,0.6899898270201594,0.03303900726054015,
6,0.1,7,95048,107,0.03361344537815126,0.16666666666666666,0.018691588785046728,0.6935046330298393,0.01771483185121977,
6,0.1,123,95048,92,0.0392156862745098,0.2,0.021739130434782608,0.6761466867034067,0.026420040061044075,
6,0.05,42,47524,46,0.04,0.25,0.021739130434782608,0.7084757333831504,0.025356193172897022,
6,0.05,7,47524,55,0.0,0.0,0.0,0.6845428308235614,0.004325543594442087,
6,0.05,123,47524,54,0.03225806451612903,0.125,0.018518518518518517,0.6994403873011414,0.01846506748220819,
6,0.01,42,9504,9,0.18181818181818182,0.5,0.1111111111111111,0.7540752442806156,0.11696018396529022,
6,0.01,7,9504,11,0.0,0.0,0.0,0.7032215125020349,0.0028878610017790654,
6,0.01,123,9504,9,0.36363636363636365,1.0,0.2222222222222222,0.7630565794862794,0.2291056526544102,
6,0.001,42,950,2,,,,,,insufficient positives (<3)
6,0.001,7,950,3,0.0,0.0,0.0,0.7157690953889475,0.01909264887988292,
6,0.001,123,950,0,,,,,,insufficient positives (<3)
7,1.0,42,950485,1022,0.0671971706454465,0.3486238532110092,0.03718199608610567,0.6962251113278899,0.03988510946451064,
7,1.0,7,950485,1022,0.0671971706454465,0.3486238532110092,0.03718199608610567,0.6962251113278899,0.03988510946451064,
7,1.0,123,950485,1022,0.0671971706454465,0.3486238532110092,0.03718199608610567,0.6962251113278899,0.03988510946451064,
7,0.5,42,475242,539,0.07407407407407407,0.4,0.04081632653061224,0.7106601332139646,0.045428091995427806,
7,0.5,7,475242,485,0.06629834254143646,0.3103448275862069,0.03711340206185567,0.6973285193821022,0.03819636647014053,
7,0.5,123,475242,467,0.04990403071017274,0.24074074074074073,0.027837259100642397,0.7048037473402538,0.028990240884296813,
7,0.1,42,95048,107,0.034782608695652174,0.25,0.018691588785046728,0.7083395226174406,0.01959125623911804,
7,0.1,7,95048,103,0.03571428571428571,0.2222222222222222,0.019417475728155338,0.6876374518308249,0.020250827644271163,
7,0.1,123,95048,100,0.07142857142857142,0.3333333333333333,0.04,0.7067649660867001,0.0419851812734769,
7,0.05,42,47524,54,0.0,0.0,0.0,0.7410865731963268,0.010249858307476167,
7,0.05,7,47524,49,0.0,0.0,0.0,0.6414731706268605,0.003636120048910776,
7,0.05,123,47524,53,0.06896551724137931,0.4,0.03773584905660377,0.7042275661446532,0.04478404578459703,
7,0.01,42,9504,11,0.15384615384615385,0.5,0.09090909090909091,0.7688344521800753,0.09473634588739148,
7,0.01,7,9504,8,0.0,0.0,0.0,0.7301824452401011,0.0019443073809416623,
7,0.01,123,9504,12,0.0,0.0,0.0,0.7383015521842955,0.008236273497470515,
7,0.001,42,950,2,,,,,,insufficient positives (<3)
7,0.001,7,950,0,,,,,,insufficient positives (<3)
7,0.001,123,950,1,,,,,,insufficient positives (<3)
8,1.0,42,950485,966,0.058447488584474884,0.24806201550387597,0.033126293995859216,0.7036271674281755,0.03904859101185698,
8,1.0,7,950485,966,0.058447488584474884,0.24806201550387597,0.033126293995859216,0.7036271674281755,0.03904859101185698,
8,1.0,123,950485,966,0.058447488584474884,0.24806201550387597,0.033126293995859216,0.7036271674281755,0.03904859101185698,
8,0.5,42,475242,501,0.0564373897707231,0.24242424242424243,0.031936127744510975,0.7227054503058146,0.04138542864124741,
8,0.5,7,475242,456,0.08045977011494253,0.3181818181818182,0.046052631578947366,0.706819405655039,0.05413268455470919,
8,0.5,123,475242,446,0.07003891050583658,0.2647058823529412,0.04035874439461883,0.7163376481688978,0.048270527802773265,
8,0.1,42,95048,103,0.017391304347826087,0.08333333333333333,0.009708737864077669,0.715431212858543,0.01971114314448349,
8,0.1,7,95048,82,0.02197802197802198,0.1111111111111111,0.012195121951219513,0.7243485858610244,0.016285199003319154,
8,0.1,123,95048,82,0.10638297872340426,0.4166666666666667,0.06097560975609756,0.7391838054492417,0.06406556912268727,
8,0.05,42,47524,64,0.02857142857142857,0.16666666666666666,0.015625,0.7173014117151285,0.029690720422606877,
8,0.05,7,47524,53,0.0,0.0,0.0,0.6984645640655288,0.004617384424703863,
8,0.05,123,47524,42,0.12,0.375,0.07142857142857142,0.7378736002214373,0.07527583914717562,
8,0.01,42,9504,14,0.13333333333333333,1.0,0.07142857142857142,0.6758994430227306,0.08417945695340326,
8,0.01,7,9504,13,0.0,0.0,0.0,0.7629373576586725,0.03883080104170335,
8,0.01,123,9504,12,0.14285714285714285,0.5,0.08333333333333333,0.8516118836915297,0.05672238290038614,
8,0.001,42,950,0,,,,,,insufficient positives (<3)
8,0.001,7,950,1,,,,,,insufficient positives (<3)
8,0.001,123,950,2,,,,,,insufficient positives (<3)
9,1.0,42,950485,1040,0.08397600685518423,0.3858267716535433,0.047115384615384615,0.7215538004591346,0.04940688073764152,
9,1.0,7,950485,1040,0.08397600685518423,0.3858267716535433,0.047115384615384615,0.7215538004591346,0.04940688073764152,
9,1.0,123,950485,1040,0.08397600685518423,0.3858267716535433,0.047115384615384615,0.7215538004591346,0.04940688073764152,
9,0.5,42,475242,526,0.10684474123539232,0.4383561643835616,0.060836501901140684,0.7182237047424824,0.061145553285960615,
9,0.5,7,475242,522,0.09897610921501707,0.453125,0.05555555555555555,0.7327339640903062,0.057058343310874865,
9,0.5,123,475242,539,0.07370184254606366,0.3793103448275862,0.04081632653061224,0.7273988485103646,0.04602808274120713,
9,0.1,42,95048,90,0.08080808080808081,0.4444444444444444,0.044444444444444446,0.6997800782100156,0.047546987628916085,
9,0.1,7,95048,110,0.08333333333333333,0.5,0.045454545454545456,0.7323095551355047,0.053680240475882074,
9,0.1,123,95048,107,0.11666666666666667,0.5384615384615384,0.06542056074766354,0.7062708989852724,0.06861225039594349,
9,0.05,42,47524,44,0.12,0.5,0.06818181818181818,0.6749861185570958,0.059296204544823546,
9,0.05,7,47524,47,0.04,0.3333333333333333,0.02127659574468085,0.6718520815678275,0.026118876150603685,
9,0.05,123,47524,52,0.07142857142857142,0.5,0.038461538461538464,0.6966359522050245,0.0475908797703127,
9,0.01,42,9504,13,0.125,0.3333333333333333,0.07692307692307693,0.7611705016088116,0.05248193405823942,
9,0.01,7,9504,12,0.0,0.0,0.0,0.5772009762607108,0.0020729647752633336,
9,0.01,123,9504,15,0.125,1.0,0.06666666666666667,0.7101415674289528,0.07177558876627367,
9,0.001,42,950,1,,,,,,insufficient positives (<3)
9,0.001,7,950,3,0.0,0.0,0.0,0.679866244280183,0.008412431154584054,
9,0.001,123,950,1,,,,,,insufficient positives (<3)
10,1.0,42,950487,1103,0.11801730920535011,0.44642857142857145,0.06799637352674524,0.7135165098683944,0.07243849535140959,
10,1.0,7,950487,1103,0.11801730920535011,0.44642857142857145,0.06799637352674524,0.7135165098683944,0.07243849535140959,
10,1.0,123,950487,1103,0.11801730920535011,0.44642857142857145,0.06799637352674524,0.7135165098683944,0.07243849535140959,
10,0.5,42,475243,531,0.13029315960912052,0.4819277108433735,0.07532956685499058,0.7127616481844923,0.07857093774346104,
10,0.5,7,475243,532,0.11276948590381426,0.4788732394366197,0.06390977443609022,0.713349406587115,0.06704229380887632,
10,0.5,123,475243,550,0.1289308176100629,0.47674418604651164,0.07454545454545454,0.7116380749816675,0.07995455474890574,
10,0.1,42,95048,110,0.09523809523809523,0.375,0.05454545454545454,0.6932410913150975,0.056020653218702116,
10,0.1,7,95048,103,0.128,0.36363636363636365,0.07766990291262135,0.73586767402896,0.07960368408897982,
10,0.1,123,95048,104,0.05309734513274336,0.3333333333333333,0.028846153846153848,0.6786096885451505,0.028676730678949765,
10,0.05,42,47524,60,0.05970149253731343,0.2857142857142857,0.03333333333333333,0.6582302727681331,0.03718200108808544,
10,0.05,7,47524,48,0.13793103448275862,0.4,0.08333333333333333,0.738724785505659,0.0833908311154766,
10,0.05,123,47524,58,0.03278688524590164,0.3333333333333333,0.017241379310344827,0.6743474821178717,0.018083367522491834,
10,0.01,42,9504,12,0.15384615384615385,1.0,0.08333333333333333,0.5788383199887625,0.09350068538526192,
10,0.01,7,9504,16,0.21052631578947367,0.6666666666666666,0.125,0.840087478920742,0.15879974052362925,
10,0.01,123,9504,9,0.0,0.0,0.0,0.6301211163770406,0.008946155505803036,
10,0.001,42,950,0,,,,,,insufficient positives (<3)
10,0.001,7,950,1,,,,,,insufficient positives (<3)
10,0.001,123,950,0,,,,,,insufficient positives (<3)
