fraction,seed,threshold_used,n_available,n_positives_available,f1,precision,recall,roc_auc,pr_auc,note
1.0,42,0.97,190097,171,0.17,0.5862068965517241,0.09941520467836257,0.7319484326089947,0.10545547430540585,
1.0,7,0.97,190097,171,0.17,0.5862068965517241,0.09941520467836257,0.7319484326089947,0.10545547430540585,
1.0,123,0.97,190097,171,0.17,0.5862068965517241,0.09941520467836257,0.7319484326089947,0.10545547430540585,
0.5,42,0.97,95048,86,0.12371134020618557,0.5454545454545454,0.06976744186046512,0.6791127711794632,0.06772097637276212,
0.5,7,0.97,95048,84,0.21782178217821782,0.6470588235294118,0.13095238095238096,0.7471007183674616,0.14820939152194323,
0.5,123,0.97,95048,87,0.21153846153846154,0.6470588235294118,0.12643678160919541,0.7270238707796195,0.14476223964735796,
0.1,42,0.97,19009,15,0.1111111111111111,0.3333333333333333,0.06666666666666667,0.6153416868484785,0.06811890935860081,
0.1,7,0.97,19009,21,0.2857142857142857,0.5714285714285714,0.19047619047619047,0.8612281440910048,0.2303063534559788,
0.1,123,0.97,19009,17,0.1,0.3333333333333333,0.058823529411764705,0.6205662446107338,0.08676628104684682,
0.05,42,0.97,9504,7,0.25,1.0,0.14285714285714285,0.697897080280991,0.14571758137825058,
0.05,7,0.97,9504,11,0.14285714285714285,0.3333333333333333,0.09090909090909091,0.8194554839451079,0.14532900445556907,
0.05,123,0.97,9504,7,0.0,0.0,0.0,0.6021600806269649,0.0013070312513058996,
0.01,42,0.97,1900,1,,,,,,insufficient positives (<3)
0.01,7,0.97,1900,6,0.0,0.0,0.0,0.8869236184442099,0.2857598966359999,
0.01,123,0.97,1900,1,,,,,,insufficient positives (<3)
0.001,42,0.97,190,0,,,,,,insufficient positives (<3)
0.001,7,0.97,190,0,,,,,,insufficient positives (<3)
0.001,123,0.97,190,0,,,,,,insufficient positives (<3)
