chunk,weight_mult,spw_used,spw_natural_ratio,f1,precision,recall,roc_auc,pr_auc,f1_gain_vs_frozen,fit_seconds,f1_gain_per_second,seed
2,1,1110.6783625730993,1110.6783625730993,0.09053497942386832,0.1971326164874552,0.05876068376068376,0.7192394949206341,0.05459046423035983,-0.005064413595858533,10.545337438583374,-0.0004802514500227192,42
2,10,11106.783625730994,1110.6783625730993,0.021316190153950264,0.011252009287372746,0.20192307692307693,0.6720248907999355,0.041184634510138964,-0.07428320286577658,10.075213193893433,-0.0073728666020486285,42
2,50,55533.918128654965,1110.6783625730993,0.005531529719400584,0.0027844878712047793,0.4113247863247863,0.6283262906511812,0.045092803081792907,-0.09006786330032626,10.659618139266968,-0.008449445573340207,42
2,100,111067.83625730993,1110.6783625730993,0.0031303729970137443,0.00157011205960374,0.49893162393162394,0.6354313995380965,0.04381518464971289,-0.09246902002271311,12.38163447380066,-0.007468240176074983,42
3,1,1060.2540125610608,1060.4014517029593,0.08187134502923976,0.8076923076923077,0.043121149897330596,0.7225862279305697,0.05367191111983315,0.0019274460110069447,10.43131971359253,0.00018477489559594136,42
3,10,10602.540125610609,1060.4014517029593,0.02090628218331617,0.011005095955762767,0.20841889117043122,0.6682526163034785,0.048037196343379544,-0.05903761683491665,10.965028285980225,-0.005384173692502148,42
3,50,53012.70062805304,1060.4014517029593,0.006852277449392369,0.003454674499542512,0.41478439425051333,0.6341716260316396,0.04222579557051447,-0.07309162156884044,11.183752298355103,-0.006535518636226475,42
3,100,106025.40125610608,1060.4014517029593,0.0032830930327251272,0.0016466887726057885,0.5256673511293635,0.6376151206693647,0.04343115670308367,-0.07666080598550769,10.625890254974365,-0.007214530184858627,42
4,1,1037.7821038251366,1038.3493712411153,0.1258964143426295,0.29924242424242425,0.07971745711402624,0.7327028694280772,0.0775898253719207,0.021729747675962835,10.34946608543396,0.002099600838979095,42
4,10,10377.821038251366,1038.3493712411153,0.02239925023430178,0.011745048896751683,0.24117053481331988,0.6834061758917375,0.0643598957255375,-0.08176741643236488,10.39856743812561,-0.007863334725567142,42
4,50,51889.10519125683,1038.3493712411153,0.008909847781406171,0.004501465348204685,0.4308779011099899,0.671567160939598,0.07005037194989575,-0.09525681888526048,9.84601640701294,-0.009674655713290577,42
4,100,103778.21038251366,1038.3493712411153,0.0033434395484559063,0.0016766978067710946,0.5630676084762866,0.6600090200042966,0.06760926719486791,-0.10082322711821075,10.863695859909058,-0.009280748321598793,42
5,1,1028.63913337847,1028.7778981581798,0.12658227848101267,0.7777777777777778,0.0688976377952756,0.7184904535077763,0.07744918793044922,0.027613206316064204,9.663676977157593,0.0028574223229247634,42
5,10,10286.3913337847,1028.7778981581798,0.019381543705868032,0.010195194425943951,0.19586614173228348,0.6626202662486117,0.0702619624587038,-0.07958752845908043,10.465648889541626,-0.007604643467316454,42
5,50,51431.9566689235,1028.7778981581798,0.007561859174341829,0.0038170450806186244,0.39960629921259844,0.6499736154845207,0.06569540446560124,-0.09140721299060664,9.73438572883606,-0.009390136731466485,42
5,100,102863.913337847,1028.7778981581798,0.0029564545367313545,0.0014821325026457366,0.5610236220472441,0.6470893417027469,0.06806722983724961,-0.09601261762821711,10.02173924446106,-0.009580434621793076,42
6,1,1014.8830995323981,1015.018172100481,0.09021113243761995,0.6527777777777778,0.04845360824742268,0.7216153195084783,0.054539258259908754,0.009553925566820859,9.454392671585083,0.0010105276878899815,42
6,10,10148.83099532398,1015.018172100481,0.02164240593243614,0.011430229184798375,0.20309278350515464,0.660932285505932,0.04290183037637772,-0.059014800938362956,9.905000925064087,-0.0059580813151697025,42
6,50,50744.1549766199,1015.018172100481,0.0067798991797375875,0.003419075963718821,0.3979381443298969,0.6587010308192609,0.04672189519293351,-0.0738773076910615,10.059551000595093,-0.007343996534904107,42
6,100,101488.3099532398,1015.018172100481,0.002755598604589729,0.0013812692618258198,0.5484536082474227,0.6510848343573775,0.041506751180962864,-0.07790160826620937,10.772209405899048,-0.007231720562686899,42
7,1,1040.627397260274,1040.627397260274,0.06722689075630252,0.7346938775510204,0.03522504892367906,0.7323464594600908,0.04399397154379241,-0.0042016806722689065,10.279786586761475,-0.0004087322861040636,42
7,10,10406.27397260274,1040.627397260274,0.019853344640095773,0.010459921156373193,0.19471624266144813,0.6772486811800527,0.032656642308467376,-0.05157522678847565,10.262850999832153,-0.005025428780883513,42
7,50,52031.36986301369,1040.627397260274,0.007845768223706893,0.003960600957694008,0.41193737769080235,0.6691448728749222,0.035692307687961854,-0.06358280320486454,10.758005142211914,-0.0059102781941775045,42
7,100,104062.73972602739,1040.627397260274,0.0031155760869286723,0.0015618778498490784,0.5949119373776908,0.6713692902107712,0.040391576355197356,-0.06831299534164276,10.199583292007446,-0.00669762610744832,42
8,1,1011.5013315579228,1011.770378263186,0.1059714045416316,0.2825112107623318,0.06521739130434782,0.7379650534054752,0.06638292649049067,0.02904832761855468,9.773170471191406,0.0029722522188865,42
8,10,10115.013315579228,1011.770378263186,0.021536573118339564,0.011381730258890135,0.1997929606625259,0.6870689242970458,0.0536164280867603,-0.055386503804737364,10.285741329193115,-0.005384784823193902,42
8,50,50575.06657789614,1011.770378263186,0.008238183294686275,0.004158394326409261,0.4358178053830228,0.667233482476516,0.05335231569612948,-0.06868489362839066,10.828503608703613,-0.006342971855611138,42
8,100,101150.13315579228,1011.770378263186,0.0028221156763974025,0.0014145132097282006,0.577639751552795,0.6485312029304967,0.04289090030785066,-0.07410096124667953,11.872248888015747,-0.0062415269377884735,42
9,1,1042.7728208647907,1042.9154310818233,0.09566787003610107,0.7794117647058824,0.05096153846153846,0.7426605968588127,0.06151254202909305,0.01668338484569204,10.391666889190674,0.0016054580101144272,42
9,10,10427.728208647906,1042.9154310818233,0.02159714360358791,0.01131077259874122,0.23846153846153847,0.6958130807795809,0.0505783628773381,-0.057387341586821114,11.007381200790405,-0.005213532677754479,42
9,50,52138.641043239535,1042.9154310818233,0.008431687370308817,0.004257417293268729,0.43173076923076925,0.6715645764914483,0.04764641680289797,-0.07055279782010021,10.410307884216309,-0.00677720568928317,42
9,100,104277.28208647907,1042.9154310818233,0.0034206294640066817,0.0017153831687287359,0.5788461538461539,0.6603421624455097,0.042335450989180595,-0.07556385572640234,11.761930465698242,-0.006424443329840458,42
10,1,1002.1503957783641,1002.1503957783641,0.11981566820276499,0.39195979899497485,0.07071622846781506,0.7395455033766075,0.07693014530830071,0.0078365015360983,10.457870721817017,0.0007493400659227826,42
10,10,10021.503957783641,1002.1503957783641,0.02231571245655753,0.011750541777028655,0.22121486854034453,0.686338295254124,0.07246537452606278,-0.08966345421010916,11.470571756362915,-0.007816825186623445,42
10,50,50107.5197889182,1002.1503957783641,0.008248540531120814,0.00416878694171527,0.386219401631913,0.6608872176344394,0.07062425447344278,-0.10373062613554587,11.150975465774536,-0.009302381343580586,42
10,100,100215.0395778364,1002.1503957783641,0.003654636820465966,0.0018330913079965744,0.5802357207615594,0.6600849963550159,0.0673311240154526,-0.10832452984620072,10.983290433883667,-0.009862666429362317,42
