chunk,strategy,threshold,f1,precision,recall,roc_auc,pr_auc,n_positives,retrained_this_chunk,seed
2,no_retrain,0.97,0.1004566210045662,0.34591194968553457,0.05876068376068376,0.7313102939746483,0.05817898453336752,936,False,42
2,periodic_full,0.97,0.1004566210045662,0.34591194968553457,0.05876068376068376,0.7313102939746483,0.05817898453336752,936,False,42
2,periodic_sliding,0.97,0.1004566210045662,0.34591194968553457,0.05876068376068376,0.7313102939746483,0.05817898453336752,936,False,42
2,periodic_weighted,0.97,0.1004566210045662,0.34591194968553457,0.05876068376068376,0.7313102939746483,0.05817898453336752,936,False,42
3,no_retrain,0.97,0.08756567425569177,0.2976190476190476,0.0513347022587269,0.6868779686157571,0.05284719908685919,974,False,42
3,periodic_full,0.98,0.08187134502923976,0.8076923076923077,0.043121149897330596,0.7225862279305697,0.05362515565937455,974,True,42
3,periodic_sliding,0.98,0.08187134502923976,0.8076923076923077,0.043121149897330596,0.7225862279305697,0.05362515565937455,974,True,42
3,periodic_weighted,0.98,0.02090628218331617,0.011005095955762767,0.20841889117043122,0.6682526163034785,0.0480005559351885,974,True,42
4,no_retrain,0.97,0.11291702309666382,0.3707865168539326,0.06659939455095863,0.7045251073312133,0.0703663671611088,991,False,42
4,periodic_full,0.98,0.14417744916820702,0.8571428571428571,0.07870837537840565,0.7318803303033716,0.08648030892028302,991,False,42
4,periodic_sliding,0.98,0.14417744916820702,0.8571428571428571,0.07870837537840565,0.7318803303033716,0.08648030892028302,991,False,42
4,periodic_weighted,0.98,0.023443949149744098,0.01239813736903376,0.21493440968718466,0.6851375776703728,0.07939943148832596,991,False,42
5,no_retrain,0.97,0.1140495867768595,0.3556701030927835,0.06791338582677166,0.6977049207562456,0.0693061027515929,1016,False,42
5,periodic_full,0.97,0.13253012048192772,0.5273972602739726,0.07578740157480315,0.7668212049033988,0.08469834535792647,1016,True,42
5,periodic_sliding,0.97,0.11841038118410381,0.33640552995391704,0.0718503937007874,0.7388704254445146,0.07755660561930311,1016,True,42
5,periodic_weighted,0.98,0.02083154736390913,0.010890024200053777,0.23917322834645668,0.7184774976544495,0.08123840723196715,1016,True,42
6,no_retrain,0.97,0.08140610545790934,0.3963963963963964,0.04536082474226804,0.6922466206431706,0.047767333313258324,970,False,42
6,periodic_full,0.97,0.09602954755309326,0.46017699115044247,0.05360824742268041,0.7673098887000964,0.060770955906826504,970,False,42
6,periodic_sliding,0.97,0.08558951965065502,0.28,0.050515463917525774,0.731771065868625,0.0525162102603503,970,False,42
6,periodic_weighted,0.98,0.01977914763404142,0.010334121136289912,0.22989690721649483,0.7093203545966577,0.05416233996153782,970,False,42
7,no_retrain,0.97,0.0671971706454465,0.3486238532110092,0.03718199608610567,0.6962251113278899,0.03988510946451064,1022,False,42
7,periodic_full,0.97,0.08841732979664015,0.45871559633027525,0.04892367906066536,0.7627105347815796,0.05682957052909496,1022,True,42
7,periodic_sliding,0.96,0.08874281018898932,0.27692307692307694,0.05283757338551859,0.7356732349065218,0.05149179314469495,1022,True,42
7,periodic_weighted,0.98,0.020249960449295997,0.010551479680158272,0.25048923679060664,0.7183866305904634,0.051435579283439184,1022,True,42
8,no_retrain,0.97,0.058447488584474884,0.24806201550387597,0.033126293995859216,0.7036271674281755,0.03904859101185698,966,False,42
8,periodic_full,0.97,0.1157796451914099,0.5904761904761905,0.06418219461697723,0.7959777840181245,0.07164081457438896,966,False,42
8,periodic_sliding,0.96,0.10481825866441251,0.2857142857142857,0.06418219461697723,0.7452784043036351,0.05938128922723948,966,False,42
8,periodic_weighted,0.98,0.021086649161785497,0.01097145739627559,0.2701863354037267,0.747363302679674,0.06729759443239906,966,False,42
9,no_retrain,0.97,0.08397600685518423,0.3858267716535433,0.047115384615384615,0.7215538004591346,0.04940688073764152,1040,False,42
9,periodic_full,0.96,0.11519198664440734,0.43670886075949367,0.06634615384615385,0.7989620687308415,0.07467653653106024,1040,True,42
9,periodic_sliding,0.9500000000000001,0.09970674486803519,0.20987654320987653,0.06538461538461539,0.7401259470613804,0.06415265992705659,1040,True,42
9,periodic_weighted,0.98,0.02280894756142281,0.011856652687762105,0.29903846153846153,0.765468412315373,0.061055110956518076,1040,True,42
10,no_retrain,0.97,0.11801730920535011,0.44642857142857145,0.06799637352674524,0.7135165098683944,0.07243849535140959,1103,False,42
10,periodic_full,0.96,0.15514592933947774,0.507537688442211,0.09156844968268359,0.7870631187306343,0.10041283845675035,1103,False,42
10,periodic_sliding,0.9500000000000001,0.1346153846153846,0.2776203966005666,0.08884859474161379,0.724520204040268,0.09177103551163357,1103,False,42
10,periodic_weighted,0.98,0.023172497903803643,0.012094688681121941,0.2756119673617407,0.7440590857066043,0.08933559626224782,1103,False,42
