chunk,method,value,threshold,drifted,detail,auc_std,auc_ci95,seeds
2,PSI(6 numeric features),0.03492144502909994,0.2,False,0/6 features over 0.2,,,42;7;123
3,PSI(6 numeric features),0.023984354442856994,0.2,False,0/6 features over 0.2,,,42;7;123
4,PSI(6 numeric features),0.01780616034613696,0.2,False,0/6 features over 0.2,,,42;7;123
5,PSI(6 numeric features),0.021296827499938817,0.2,False,0/6 features over 0.2,,,42;7;123
6,PSI(6 numeric features),0.024502972190811052,0.2,False,0/6 features over 0.2,,,42;7;123
7,PSI(6 numeric features),0.02617448631329932,0.2,False,0/6 features over 0.2,,,42;7;123
8,PSI(6 numeric features),0.01001018696864404,0.2,False,0/6 features over 0.2,,,42;7;123
9,PSI(6 numeric features),0.0355733878893824,0.2,False,0/6 features over 0.2,,,42;7;123
10,PSI(6 numeric features),0.007410589109975549,0.2,False,0/6 features over 0.2,,,42;7;123
2,"PSI(categorical, worst feature)",0.00159685815414333,0.2,False,worst=Sender_bank_location,,,42;7;123
3,"PSI(categorical, worst feature)",0.002969976390801244,0.2,False,worst=Receiver_bank_location,,,42;7;123
4,"PSI(categorical, worst feature)",0.0023092835476124897,0.2,False,worst=Receiver_bank_location,,,42;7;123
5,"PSI(categorical, worst feature)",0.0037576552113818156,0.2,False,worst=Receiver_bank_location,,,42;7;123
6,"PSI(categorical, worst feature)",0.003344250484164594,0.2,False,worst=Receiver_bank_location,,,42;7;123
7,"PSI(categorical, worst feature)",0.002647848406990318,0.2,False,worst=Receiver_bank_location,,,42;7;123
8,"PSI(categorical, worst feature)",0.003233143797372398,0.2,False,worst=Receiver_bank_location,,,42;7;123
9,"PSI(categorical, worst feature)",0.002075224935362431,0.2,False,worst=Receiver_bank_location,,,42;7;123
10,"PSI(categorical, worst feature)",0.00177225357484836,0.2,False,worst=Receiver_bank_location,,,42;7;123
2,KS(predicted probabilities),0.003361441790244002,0.001970037975868312,True,,,,42;7;123
2,PSI(predicted probabilities),0.00019312079905350006,0.2,False,,,,42;7;123
3,KS(predicted probabilities),0.0025713188530066544,0.001970037975868312,True,,,,42;7;123
3,PSI(predicted probabilities),0.00010089017896498686,0.2,False,,,,42;7;123
4,KS(predicted probabilities),0.004166294049879837,0.001970037975868312,True,,,,42;7;123
4,PSI(predicted probabilities),0.00015160192961506368,0.2,False,,,,42;7;123
5,KS(predicted probabilities),0.0021557415424757753,0.001970037975868312,True,,,,42;7;123
5,PSI(predicted probabilities),9.341010815590149e-05,0.2,False,,,,42;7;123
6,KS(predicted probabilities),0.0028753741510912922,0.001970037975868312,True,,,,42;7;123
6,PSI(predicted probabilities),0.0001031501525970283,0.2,False,,,,42;7;123
7,KS(predicted probabilities),0.0034876931250887866,0.001970037975868312,True,,,,42;7;123
7,PSI(predicted probabilities),0.00010638787952263221,0.2,False,,,,42;7;123
8,KS(predicted probabilities),0.0012393672703935599,0.001970037975868312,False,,,,42;7;123
8,PSI(predicted probabilities),9.801387851454335e-05,0.2,False,,,,42;7;123
9,KS(predicted probabilities),0.003008990147135404,0.001970037975868312,True,,,,42;7;123
9,PSI(predicted probabilities),0.00017247488825649927,0.2,False,,,,42;7;123
10,KS(predicted probabilities),0.0019002424867147205,0.0019700369395372025,False,,,,42;7;123
10,PSI(predicted probabilities),0.00011048021565084202,0.2,False,,,,42;7;123
2,DomainClassifier(XGB),0.5974284444444445,0.55,True,auc_std=0.002350683399967596,0.002350683399967596,0.002660048679751718,42;7;123
3,DomainClassifier(XGB),0.6099686419753086,0.55,True,auc_std=0.007101240051209302,0.007101240051209302,0.008035809596085852,42;7;123
4,DomainClassifier(XGB),0.5945055637860083,0.55,True,auc_std=0.005639293881559929,0.005639293881559929,0.006381461767493749,42;7;123
5,DomainClassifier(XGB),0.605305242798354,0.55,True,auc_std=0.01830172142599161,0.01830172142599161,0.020710347432182405,42;7;123
6,DomainClassifier(XGB),0.5953964115226338,0.55,True,auc_std=0.004316793228152998,0.004316793228152998,0.004884911395327771,42;7;123
7,DomainClassifier(XGB),0.5972009711934156,0.55,True,auc_std=0.004904418249466189,0.004904418249466189,0.005549871705233722,42;7;123
8,DomainClassifier(XGB),0.594664427983539,0.55,True,auc_std=0.007057403525869305,0.007057403525869305,0.007986203897863297,42;7;123
9,DomainClassifier(XGB),0.6117513580246913,0.55,True,auc_std=0.002405598740524225,0.002405598740524225,0.0027221912375916166,42;7;123
10,DomainClassifier(XGB),0.5844502880658436,0.55,True,auc_std=0.01344968514505239,0.01344968514505239,0.015219751504462947,42;7;123
