chunk,feature,psi,drifted,threshold
2,Amount,0.0001690760850655669,False,0.2
2,Amount_log,0.0001690760850655669,False,0.2
2,hour_of_day,0.00040575908319299763,False,0.2
2,day_of_week,0.03492144502909994,False,0.2
2,tx_per_sender,0.0005607905524688298,False,0.2
2,amount_per_sender_mean,0.0007814081880185381,False,0.2
3,Amount,0.0002682993628318758,False,0.2
3,Amount_log,0.0002682993628318758,False,0.2
3,hour_of_day,0.0003211517577892605,False,0.2
3,day_of_week,0.023984354442856994,False,0.2
3,tx_per_sender,0.004390274330673917,False,0.2
3,amount_per_sender_mean,0.0014924723422862303,False,0.2
4,Amount,0.0004075453710425474,False,0.2
4,Amount_log,0.0004075453710425474,False,0.2
4,hour_of_day,0.00014922630171408484,False,0.2
4,day_of_week,0.01780616034613696,False,0.2
4,tx_per_sender,0.0008312452456489489,False,0.2
4,amount_per_sender_mean,0.0037916357831247,False,0.2
5,Amount,0.000415683277427578,False,0.2
5,Amount_log,0.000415683277427578,False,0.2
5,hour_of_day,0.00045583260107577106,False,0.2
5,day_of_week,0.021296827499938817,False,0.2
5,tx_per_sender,0.0033682923287346174,False,0.2
5,amount_per_sender_mean,0.001715668292909336,False,0.2
6,Amount,0.0004236725896305022,False,0.2
6,Amount_log,0.0004236725896305022,False,0.2
6,hour_of_day,0.00022299342436759204,False,0.2
6,day_of_week,0.024502972190811052,False,0.2
6,tx_per_sender,0.006880159636028351,False,0.2
6,amount_per_sender_mean,0.002148264352889868,False,0.2
7,Amount,0.0005136253833605492,False,0.2
7,Amount_log,0.0005136253833605492,False,0.2
7,hour_of_day,0.0002885847233367621,False,0.2
7,day_of_week,0.02617448631329932,False,0.2
7,tx_per_sender,0.004814493075406991,False,0.2
7,amount_per_sender_mean,0.0007866597820213217,False,0.2
8,Amount,0.000806146767654002,False,0.2
8,Amount_log,0.000806146767654002,False,0.2
8,hour_of_day,0.00015107690153805852,False,0.2
8,day_of_week,0.01001018696864404,False,0.2
8,tx_per_sender,0.00515892385258627,False,0.2
8,amount_per_sender_mean,0.001351238083744024,False,0.2
9,Amount,0.0007199067306902212,False,0.2
9,Amount_log,0.0007199067306902212,False,0.2
9,hour_of_day,0.00049959293693608,False,0.2
9,day_of_week,0.0355733878893824,False,0.2
9,tx_per_sender,0.006214783244033385,False,0.2
9,amount_per_sender_mean,0.0016995432531929481,False,0.2
10,Amount,0.0007386552896461698,False,0.2
10,Amount_log,0.0007386552896461698,False,0.2
10,hour_of_day,0.00048419519915637887,False,0.2
10,day_of_week,0.002652321993185621,False,0.2
10,tx_per_sender,0.007410589109975549,False,0.2
10,amount_per_sender_mean,0.001448573891364227,False,0.2
