chunk,Payment_currency,Payment_type,Received_currency,Receiver_bank_location,Sender_bank_location
2,0.0007494745672756949,4.977467425332924e-05,0.0009491333021276086,0.0012246176206363183,0.00159685815414333
3,0.0007802418160098702,0.0002843618292212355,0.002020536034711195,0.002969976390801244,0.0018265476708012871
4,0.0011098238740991136,0.00012345391857593877,0.00164595258873611,0.0023092835476124897,0.002044292085573618
5,0.0016407586727414424,0.00014725958982444109,0.002542315156123982,0.0037576552113818156,0.002772697396501891
6,0.0007169736554783102,0.00015741765546975982,0.0019047487059269494,0.003344250484164594,0.0014679009340117588
7,0.000626093816547279,0.00019900987090370705,0.0019475579834685186,0.002647848406990318,0.001303046291733149
8,0.0012601153283239369,8.421564112721214e-05,0.0021646338409400845,0.003233143797372398,0.0019222558208404005
9,0.00047733078697364775,0.00013976202392574475,0.0011652902277674133,0.002075224935362431,0.001632348578175067
10,0.001115658381382098,7.5528853529119635e-06,0.0011228138845003404,0.00177225357484836,0.0017648443802000058
